job_category,Average Growth Rate
Design,71352.35323354554
Data Science,49191.839097820055
Marketing,48752.409287352835
Software Development,44449.92991367585
Writing,42817.573486470705
Other,24258.16342301245
Sales,9699.070964053455
